head,title,meets_target,op_precision,op_recall,op_k,p_at_r50,k_at_r50,n,n_pos,base_rate,pr_auc,pr_auc_norm,roc_auc,precision_at_k,recall_at_k,lift_at_k,precision,recall,threshold,budget,brier,thr_precision,thr_recall,thr_k,threshold_from_val,oracle_precision,oracle_recall,oracle_k,within_budget,alerts_per_day,budget_per_day,budget_overrun
A_link,Потеря связи с каналом,false,0.7000366703337,0.16668849596158045,10908,0.4408283454262014,51959,322262,45810,0.14215141716988042,0.464192389469872,0.3754053789277701,0.8646413662065401,0.7814917127071823,0.06175507531106745,5.4976005745566905,0.7779941577409932,0.06976642654442261,0.751101321585903,3620,0.09259120922197979,0.6463499420625725,0.24352761405806592,17260,0.535318823978618,0.7000366703337,0.16668849596158045,10908,false,95.35911602209944,20,4.767955801104972
A,Отказ датчика,false,0.4,0.003125,5,0.03323984626571102,9627,322262,640,0.001985961732999857,0.035731076663734845,0.033812264794723365,0.920356879543377,0.05082872928176796,0.2875,25.59401243093923,0.03762662807525326,0.446875,0.009732360097323601,3620,0.0019493092014748845,NaN,0.0,0,1.0,,,,true,0.0,20,0.0
A_strict,Аномалия датчика,false,0.7018348623853211,0.03439748201438849,218,0.2885688335279616,7707,322262,4448,0.013802434044349008,0.2991855129065596,0.2893771884193072,0.945394528503007,0.4022099447513812,0.3273381294964029,29.140508366787234,0.38737373737373737,0.3448741007194245,0.3836477987421384,3620,0.011171070115084964,0.5333869670152857,0.14905575539568344,1243,0.5922077922077922,0.7018348623853211,0.03439748201438849,218,true,6.867403314917127,20,0.3433701657458563
A_deg,Деградация датчика,false,0.75,0.003067484662576687,16,0.1287519747235387,15192,322262,3912,0.012139191092961627,0.13388708597472201,0.12324397707047546,0.9407082326817438,0.18084714548802946,0.25102249488752554,14.897792126601063,0.1789585925004443,0.2574130879345603,0.0673076923076923,5430,0.011137572117659342,0.21442053605134012,0.14519427402862986,2649,0.1342281879194631,0.75,0.003067484662576687,16,true,14.6353591160221,30,0.4878453038674033
A_prime,Массовый отказ объекта,false,1.0,0.006211180124223602,1,0.06254826254826255,1295,9474,161,0.01699387798184505,0.06718482976972592,0.05105863601829522,0.821391389715705,0.08397790055248619,0.4720496894409938,4.941656085927044,0.06219806763285024,0.639751552795031,0.04297994269340974,905,0.01617957423218595,0.09615384615384616,0.3416149068322981,572,0.08333333333333333,1.0,0.006211180124223602,1,true,3.160220994475138,5,0.6320441988950276
B,Пожарный риск участка,false,0.3333333333333333,0.001288659793814433,3,0.03180588572833839,12199,84021,776,0.009235786291522358,0.04223488861430402,0.03330671603414545,0.7633470447746775,0.07292817679558011,0.17010309278350516,7.896260750697728,0.03938152504294965,0.38402061855670105,0.02863157894736842,1810,0.008968313620714246,0.18333333333333332,0.014175257731958763,60,0.2,,,,true,0.3314917127071823,10,0.03314917127071823
C,Несанкционированный доступ,false,0.7016060862214708,0.481717933836332,1183,0.6907051282051282,1248,6105,1723,0.28222768222768224,0.6638797654835611,0.5317174733631083,0.8410596109817692,0.7582872928176796,0.3186302959953569,2.686792758358638,0.7080689029918404,0.4532791642484039,0.6763285024154589,724,0.14065399990243913,0.7080689029918404,0.4532791642484039,1103,0.6763285024154589,0.7016060862214708,0.481717933836332,1183,false,6.093922651933702,4,1.5234806629834254
D,Износ агрегатов,false,0.7000200521355524,0.4657461143352678,9974,0.6906846033354833,10853,33216,14991,0.4513186416184971,0.6626537008483048,0.38516901659134656,0.7397738194814465,0.9502762430939227,0.03442065239143486,2.105555045734623,0.8643533123028391,0.09138816623307318,0.847926267281106,543,0.2173454492781224,0.5470651671545217,0.9475018344339937,25964,0.29751487574378727,0.7000200521355524,0.4657461143352678,9974,false,143.44751381215468,3,47.8158379373849
E,Риск подтопления,false,0.7777777777777778,0.03856749311294766,18,0.3159722222222222,576,3117,363,0.11645813282001925,0.29247730519929827,0.19921995653820357,0.7658307175538311,0.25524861878453037,0.6363636363636364,2.191762933199397,0.250258531540848,0.6666666666666666,0.11428571428571428,905,0.09453227820575431,0.5441176470588235,0.10192837465564739,68,0.29342670610300503,0.7777777777777778,0.03856749311294766,18,true,0.3756906077348066,5,0.07513812154696133
