ch,obj,stype,t_start,t_end,dur_s,n_events,states,ev_24h_before,ev_daily_baseline,alarms_7d_before,bad_7d_before
302179,888-1,Состояние фазы,2025-06-20T10:49:00.000000,2026-01-08T12:55:12.000000,17460372,2,Обесточен,2,0.0,0,0
229443,847-1,Датчик дыма,2025-12-21T03:45:43.000000,2026-03-05T09:37:30.000000,6414707,2,Отключено устройство|Неопределен,1,0.0,1,0
268892,890-1,ИБП,2025-12-08T09:00:34.000000,2026-01-22T09:57:26.000000,3891412,2,Неопределен|Батарея неисправна,5,0.3333333333333333,2,1
266967,884-1,Состояние фазы,2025-10-14T11:10:19.000000,2025-11-22T13:07:44.000000,3376645,2,Обесточен|Неопределен,2,0.0,0,0
212889,813-1,Состояние фазы,2025-02-10T14:30:19.000000,2025-03-13T12:47:13.000000,2672214,2,Неопределен|Обесточен,4,2.5,0,0
333543,1051-1,Состояние фазы,2025-12-15T10:13:46.000000,2026-01-14T20:03:55.000000,2627409,2,Неопределен|Обесточен,5,7.0,19,22
268106,885-1,Состояние насоса,2025-04-25T09:36:41.000000,2025-05-21T23:12:40.000000,2295359,3,Обесточен|Неисправен,12,1.3333333333333333,8,4
115812,418-1,Состояние насоса,2025-10-14T13:13:30.000000,2025-11-07T14:02:43.000000,2076553,3,Неисправен|Обесточен,8,16.666666666666668,54,27
115813,418-1,Состояние насоса,2025-10-14T13:13:30.000000,2025-11-07T14:02:43.000000,2076553,3,Неисправен|Обесточен,4,16.666666666666668,52,26
288043,915-1,Состояние фазы,2025-11-12T08:30:12.000000,2025-12-05T15:15:28.000000,2011516,2,Обесточен|Неисправен,1,0.0,0,0
229648,847-1,Состояние фазы,2025-10-21T11:31:00.000000,2025-11-13T11:15:00.000000,1986240,2,Неопределен|Обесточен,2,0.0,0,0
287919,915-1,Состояние фазы,2025-04-22T08:15:02.000000,2025-05-13T13:05:00.000000,1831798,2,Неисправен|Обесточен,2,0.3333333333333333,1,1
227193,645-1,Состояние фазы,2025-11-18T17:46:51.000000,2025-12-08T08:26:25.000000,1694374,2,Обесточен|Неопределен,2,0.0,0,0
147131,505-2,Состояние фазы,2025-02-03T12:24:37.000000,2025-02-22T00:10:10.000000,1597533,2,Неопределен|Обесточен,2,0.6666666666666666,0,0
288057,915-1,Состояние фазы,2025-11-12T08:30:14.000000,2025-11-29T05:57:54.000000,1459660,2,Неисправен|Обесточен,1,0.0,0,0
287920,915-1,Состояние фазы,2025-04-22T08:15:04.000000,2025-05-03T12:43:34.000000,966510,2,Обесточен|Неисправен,2,0.3333333333333333,1,1
268014,885-1,Состояние фазы,2025-01-17T01:23:02.000000,2025-01-27T13:19:44.000000,907002,2,Неисправен|Обесточен,8,1.3333333333333333,4,4
236768,854-1,Состояние фазы,2025-05-20T13:02:55.000000,2025-05-31T00:37:54.000000,905699,2,Обесточен,2,0.0,0,0
333705,1051-1,Состояние фазы,2025-12-16T13:31:06.000000,2025-12-25T18:13:05.000000,794519,3,Неисправен|Обесточен,4,3.1666666666666665,2,5
229510,847-1,Датчик дыма,2025-11-26T13:41:25.000000,2025-12-05T04:11:57.000000,743432,15,Неопределен|Отключено устройство,17,0.3333333333333333,10,0
215860,645-1,Состояние фазы,2025-07-10T13:52:07.000000,2025-07-18T11:17:23.000000,681916,2,Обесточен,6,0.3333333333333333,0,0
229654,847-1,Состояние фазы,2025-07-07T12:28:06.000000,2025-07-14T18:56:23.000000,628097,2,Неопределен|Обесточен,2,0.5,0,0
229662,847-1,Состояние фазы,2025-07-07T12:30:20.000000,2025-07-14T18:56:24.000000,627964,2,Обесточен|Неопределен,4,0.0,0,0
229702,847-1,Состояние фазы,2025-07-07T12:38:04.000000,2025-07-14T18:56:27.000000,627503,2,Обесточен|Неопределен,4,0.0,0,0
230942,847-1,Состояние фазы,2025-12-22T11:46:18.000000,2025-12-29T14:15:58.000000,613780,3,Неопределен|Обесточен,2,1.3333333333333333,0,0
230951,847-1,Состояние фазы,2025-12-22T11:41:10.000000,2025-12-29T13:16:36.000000,610526,2,Обесточен|Неопределен,2,0.6666666666666666,0,0
96418,257-4,Состояние фазы,2025-09-24T10:58:37.000000,2025-10-01T11:03:17.000000,605080,2,Обесточен|Неопределен,2,0.0,0,0
96417,257-4,Состояние фазы,2025-09-24T11:03:00.000000,2025-10-01T11:03:17.000000,604817,2,Обесточен|Неопределен,2,0.0,0,0
96416,257-4,Состояние фазы,2025-09-24T11:04:43.000000,2025-10-01T11:03:17.000000,604714,2,Обесточен|Неопределен,2,0.0,0,0
147119,505-2,Состояние фазы,2025-05-27T10:18:01.000000,2025-06-03T10:02:20.000000,603859,2,Неопределен|Обесточен,2,0.6666666666666666,0,0
147116,505-2,Состояние фазы,2025-05-27T10:32:02.000000,2025-06-03T10:02:20.000000,603018,2,Обесточен|Неопределен,2,0.6666666666666666,0,0
96321,257-4,Состояние фазы,2025-09-24T11:50:22.000000,2025-10-01T11:03:23.000000,601981,2,Неопределен|Обесточен,2,0.0,0,0
229694,847-1,Состояние фазы,2025-08-19T12:50:44.000000,2025-08-26T11:31:00.000000,600016,2,Обесточен|Неопределен,2,0.0,0,0
147120,505-2,Состояние фазы,2025-05-27T11:35:55.000000,2025-06-03T10:02:20.000000,599185,2,Неопределен|Обесточен,2,0.5,0,0
304353,884-1,Состояние фазы,2025-06-24T19:27:46.000000,2025-07-01T14:48:18.000000,588032,2,Обесточен,2,0.0,0,0
267979,885-1,Состояние фазы,2025-05-13T22:23:59.000000,2025-05-20T10:23:24.000000,561565,2,Обесточен,8,0.0,0,0
230942,847-1,Состояние фазы,2025-07-08T11:16:04.000000,2025-07-14T18:56:31.000000,546027,2,Обесточен|Неопределен,3,0.5,0,0
147160,505-2,Состояние фазы,2025-09-30T10:44:58.000000,2025-10-06T18:09:09.000000,545051,2,Неопределен|Обесточен,3,0.3333333333333333,0,0
267974,885-1,Состояние фазы,2025-03-12T08:34:32.000000,2025-03-18T15:32:06.000000,543454,2,Обесточен|Неопределен,10,1.3333333333333333,0,0
147936,505-2,Состояние фазы,2025-12-09T11:44:00.000000,2025-12-15T14:19:50.000000,527750,2,Обесточен|Неопределен,2,0.5,0,0
147935,505-2,Состояние фазы,2025-12-09T11:46:42.000000,2025-12-15T14:19:50.000000,527588,2,Обесточен|Неопределен,2,0.5,0,0
148866,505-2,Состояние фазы,2025-12-09T12:33:40.000000,2025-12-15T14:19:48.000000,524768,2,Неопределен|Обесточен,2,0.5,0,0
148865,505-2,Состояние фазы,2025-12-09T12:37:45.000000,2025-12-15T14:19:48.000000,524523,2,Обесточен|Неопределен,2,0.5,0,0
148864,505-2,Состояние фазы,2025-12-09T12:40:37.000000,2025-12-15T14:19:48.000000,524351,2,Неопределен|Обесточен,2,0.5,0,0
230948,847-1,Состояние фазы,2025-05-14T11:38:38.000000,2025-05-20T09:28:22.000000,510584,2,Неопределен|Обесточен,2,0.16666666666666666,0,0
196741,797-4,Газовый датчик,2025-07-27T16:37:55.000000,2025-08-02T01:52:47.000000,465292,2,Неисправен|Неопределен,861,942.1666666666666,1,2
230912,847-1,Состояние фазы,2025-07-09T15:08:20.000000,2025-07-14T18:56:30.000000,445690,2,Неопределен|Обесточен,5,0.5,0,0
267095,884-1,Состояние фазы,2025-11-17T11:12:59.000000,2025-11-22T13:07:45.000000,438886,2,Неопределен|Обесточен,2,0.3333333333333333,0,0
333711,1051-1,Состояние фазы,2025-12-05T18:06:26.000000,2025-12-10T09:06:51.000000,399625,2,Обесточен,4,0.3333333333333333,0,0
212882,813-1,Состояние фазы,2025-11-24T09:33:20.000000,2025-11-28T21:22:28.000000,388148,2,Обесточен|Неопределен,2,1.8333333333333333,0,0
115689,418-1,Состояние фазы,2025-10-26T10:44:24.000000,2025-10-30T11:01:54.000000,346650,2,Обесточен,2,0.0,0,0
179240,16-2,Состояние фазы,2025-01-14T10:18:36.000000,2025-01-17T21:46:11.000000,300455,2,Неопределен|Обесточен,2,0.3333333333333333,0,0
236737,854-1,Состояние фазы,2025-01-14T10:52:57.000000,2025-01-17T15:55:02.000000,277325,2,Обесточен|Неопределен,5,0.8333333333333334,0,0
230939,847-1,Состояние фазы,2025-11-10T11:09:26.000000,2025-11-13T11:15:00.000000,259534,2,Обесточен|Неопределен,2,0.3333333333333333,0,0
229626,847-1,Состояние фазы,2025-11-10T11:25:54.000000,2025-11-13T11:15:00.000000,258546,2,Обесточен|Неопределен,2,0.3333333333333333,0,0
229635,847-1,Состояние фазы,2025-11-10T11:35:20.000000,2025-11-13T11:15:00.000000,257980,2,Неопределен|Обесточен,2,0.3333333333333333,0,0
215882,645-1,Состояние фазы,2025-09-19T09:05:14.000000,2025-09-22T08:39:58.000000,257684,2,Обесточен,4,0.6666666666666666,0,0
229644,847-1,Состояние фазы,2025-11-10T11:41:46.000000,2025-11-13T11:15:00.000000,257594,2,Неопределен|Обесточен,2,0.0,0,0
229649,847-1,Состояние фазы,2025-11-10T11:44:08.000000,2025-11-13T11:15:00.000000,257452,2,Неопределен|Обесточен,2,0.3333333333333333,0,0
267096,884-1,Состояние фазы,2025-03-25T10:45:35.000000,2025-03-28T09:57:28.000000,256313,3,Обесточен,3,0.3333333333333333,0,0
229593,847-1,Состояние фазы,2025-11-10T11:18:54.000000,2025-11-13T08:23:36.000000,248682,2,Неопределен|Обесточен,4,0.6666666666666666,0,1
230413,847-1,Газовый датчик,2025-12-02T11:13:38.000000,2025-12-05T07:34:19.000000,246041,107,Неисправен|Неопределен,1,0.0,1,1
230453,847-1,Газовый датчик,2025-12-02T11:28:56.000000,2025-12-05T07:34:21.000000,245125,25,Неисправен|Неопределен,1,0.16666666666666666,1,1
147116,505-2,Состояние фазы,2025-08-18T11:59:00.000000,2025-08-21T05:20:04.000000,235264,2,Обесточен|Неопределен,2,0.3333333333333333,0,0
230518,847-1,Газовый датчик,2025-12-02T11:51:40.000000,2025-12-05T00:09:43.000000,217083,10,Неисправен|Неопределен,1,0.0,1,1
115658,418-1,Состояние фазы,2025-12-02T11:37:22.000000,2025-12-04T21:24:32.000000,208030,3,Обесточен|Неопределен,4,0.3333333333333333,0,0
229600,847-1,Состояние фазы,2025-04-15T07:46:44.000000,2025-04-17T14:51:48.000000,198304,2,Обесточен,5,1.1666666666666667,0,0
158991,619-1,Состояние фазы,2025-03-14T05:04:42.000000,2025-03-16T11:15:40.000000,195058,2,Неисправен|Обесточен,4,1.0,0,0
227478,645-1,Состояние фазы,2025-02-16T13:00:18.000000,2025-02-18T16:29:47.000000,185369,2,Обесточен,4,0.0,0,0
268795,888-1,Состояние фазы,2025-04-07T11:28:47.000000,2025-04-09T13:47:26.000000,181119,2,Неопределен|Обесточен,2,0.3333333333333333,0,0
290855,257-4,Состояние фазы,2025-12-16T11:15:29.000000,2025-12-18T12:09:48.000000,176059,2,Обесточен|Неопределен,3,0.5,0,0
96416,257-4,Состояние фазы,2025-12-16T11:29:06.000000,2025-12-18T12:09:48.000000,175242,2,Обесточен|Неопределен,2,0.3333333333333333,0,0
96415,257-4,Состояние фазы,2025-12-16T11:32:40.000000,2025-12-18T12:09:48.000000,175028,2,Неопределен|Обесточен,2,0.3333333333333333,0,0
96410,257-4,Состояние фазы,2025-12-16T11:35:34.000000,2025-12-18T12:09:48.000000,174854,2,Неопределен|Обесточен,2,0.3333333333333333,0,0
96408,257-4,Состояние фазы,2025-12-16T11:39:54.000000,2025-12-18T12:09:48.000000,174594,2,Неопределен|Обесточен,2,0.3333333333333333,0,0
96406,257-4,Состояние фазы,2025-12-16T11:46:49.000000,2025-12-18T12:09:48.000000,174179,2,Обесточен|Неопределен,2,0.3333333333333333,0,0
96405,257-4,Состояние фазы,2025-12-16T11:50:52.000000,2025-12-18T12:09:48.000000,173936,2,Неопределен|Обесточен,2,0.3333333333333333,0,0
96475,257-4,Состояние фазы,2025-12-16T11:54:27.000000,2025-12-18T12:09:45.000000,173718,2,Обесточен|Неопределен,2,0.3333333333333333,0,0
96322,257-4,Состояние фазы,2025-12-16T12:10:12.000000,2025-12-18T12:09:45.000000,172773,2,Обесточен|Неопределен,2,0.3333333333333333,0,0
96319,257-4,Состояние фазы,2025-12-16T12:17:03.000000,2025-12-18T12:09:45.000000,172362,2,Неопределен|Обесточен,2,0.3333333333333333,0,0
272684,885-1,Состояние фазы,2025-08-01T16:15:14.000000,2025-08-03T15:02:22.000000,168428,2,Обесточен|Неисправен,2,0.3333333333333333,0,0
229667,847-1,Состояние фазы,2025-08-14T16:30:20.000000,2025-08-16T14:44:12.000000,166432,3,Неисправен|Обесточен,2,1.6666666666666667,4,4
267036,884-1,Состояние фазы,2025-05-19T12:48:53.000000,2025-05-21T10:08:36.000000,163183,3,Обесточен,3,0.3333333333333333,0,0
268057,885-1,Состояние фазы,2025-03-15T12:59:00.000000,2025-03-17T10:15:08.000000,162968,2,Обесточен,4,1.5,0,0
266959,884-1,Состояние фазы,2025-11-10T15:05:01.000000,2025-11-12T07:58:22.000000,147201,2,Обесточен,4,0.3333333333333333,0,0
196629,797-2,Состояние фазы,2025-03-09T22:24:44.000000,2025-03-11T10:25:54.000000,129670,2,Неопределен|Обесточен,4,0.3333333333333333,0,0
268795,888-1,Состояние фазы,2025-03-21T08:43:16.000000,2025-03-22T12:11:02.000000,98866,2,Обесточен|Неопределен,1,0.16666666666666666,0,0
229709,847-1,Состояние насоса,2025-05-12T19:54:12.000000,2025-05-13T21:56:46.000000,93754,3,Обесточен|Неисправен,12,1.3333333333333333,10,5
229631,847-1,Состояние фазы,2025-05-26T11:28:58.000000,2025-05-27T13:22:18.000000,93200,2,Обесточен|Неопределен,2,1.5,0,1
330568,,,2025-10-09T11:03:19.000000,2025-10-10T12:53:04.000000,92985,8,Неисправен|Неопределен,1,0.0,0,1
229649,847-1,Состояние фазы,2025-05-26T11:42:42.000000,2025-05-27T13:22:18.000000,92376,2,Неопределен|Обесточен,2,0.5,0,1
229698,847-1,Состояние фазы,2025-05-26T11:58:28.000000,2025-05-27T13:22:18.000000,91430,2,Обесточен|Неопределен,2,0.3333333333333333,0,1
236737,854-1,Состояние фазы,2025-06-23T11:55:34.000000,2025-06-24T12:07:01.000000,87087,2,Неопределен|Обесточен,2,0.3333333333333333,0,1
8816,15-8,Состояние фазы,2025-12-10T14:43:33.000000,2025-12-11T14:49:46.000000,86773,2,Неопределен|Обесточен,2,1.3333333333333333,0,1
267105,884-1,Состояние фазы,2025-04-01T09:46:02.000000,2025-04-02T09:18:45.000000,84763,3,Обесточен,7,1.0,0,0
267026,884-1,Состояние фазы,2025-10-07T10:07:33.000000,2025-10-08T08:41:34.000000,81241,3,Обесточен,3,0.3333333333333333,0,0
215880,645-1,Состояние фазы,2025-10-06T10:50:13.000000,2025-10-07T08:28:16.000000,77883,2,Обесточен,2,1.0,0,0
333694,1051-1,Состояние фазы,2025-12-04T12:44:42.000000,2025-12-05T10:19:12.000000,77670,2,Неисправен,3,0.3333333333333333,1,1
267979,885-1,Состояние фазы,2025-01-13T11:14:48.000000,2025-01-14T08:36:40.000000,76912,3,Обесточен,3,1.0,0,0
267105,884-1,Состояние фазы,2025-10-15T10:52:56.000000,2025-10-16T07:59:45.000000,76009,3,Обесточен,11,0.6666666666666666,0,0
229631,847-1,Состояние фазы,2025-05-19T13:01:28.000000,2025-05-20T09:27:57.000000,73589,2,Неопределен|Обесточен,4,0.3333333333333333,0,0
229598,847-1,Состояние фазы,2025-05-19T13:18:50.000000,2025-05-20T09:27:53.000000,72543,2,Обесточен|Неопределен,2,0.6666666666666666,0,0
268795,888-1,Состояние фазы,2025-10-21T11:25:50.000000,2025-10-22T07:05:17.000000,70767,2,Неопределен|Обесточен,2,1.0,0,0
8815,15-8,Состояние фазы,2025-12-04T16:01:43.000000,2025-12-05T09:38:00.000000,63377,2,Неопределен|Обесточен,2,0.6666666666666666,0,0
159007,619-1,Состояние насоса,2025-03-12T13:47:39.000000,2025-03-13T07:08:35.000000,62456,2,Обесточен,8,0.0,4,2
287086,914-1,Датчик дыма,2025-11-04T13:24:28.000000,2025-11-05T06:32:16.000000,61668,2,Неопределен|Неисправен,9,0.3333333333333333,5,6
96311,257-4,Состояние фазы,2025-12-05T18:58:23.000000,2025-12-06T11:43:22.000000,60299,2,Обесточен|Неопределен,2,2.0,0,0
115566,418-1,Состояние фазы,2025-04-25T14:44:58.000000,2025-04-26T06:22:57.000000,56279,2,Обесточен|Неисправен,6,1.0,2,2
196677,797-2,Состояние фазы,2025-06-04T14:05:27.000000,2025-06-05T05:38:38.000000,55991,2,Обесточен,2,0.0,0,0
103904,360-1,Состояние вентилятора,2025-01-15T14:07:02.000000,2025-01-16T05:33:52.000000,55610,3,Неисправен|Неопределен|Обесточен,4,0.0,2,1
267064,884-1,Состояние фазы,2025-04-02T15:38:24.000000,2025-04-03T06:55:38.000000,55034,3,Неисправен|Обесточен,4,0.0,1,1
268795,888-1,Состояние фазы,2025-10-13T17:14:24.000000,2025-10-14T06:18:48.000000,47064,2,Обесточен|Неопределен,5,0.6666666666666666,0,1
236785,854-1,Состояние фазы,2025-07-08T11:21:14.000000,2025-07-08T23:04:42.000000,42208,2,Обесточен,4,2.3333333333333335,0,0
179235,16-2,Состояние фазы,2025-01-17T10:22:07.000000,2025-01-17T21:46:11.000000,41044,2,Неопределен|Обесточен,2,0.5,0,0
179171,16-2,Состояние фазы,2025-01-17T10:44:21.000000,2025-01-17T21:46:11.000000,39710,2,Неопределен|Обесточен,2,0.5,0,0
96419,257-4,Состояние фазы,2025-10-06T12:02:42.000000,2025-10-06T22:57:27.000000,39285,2,Обесточен|Неопределен,16,7.833333333333333,0,27
96475,257-4,Состояние фазы,2025-10-02T11:15:30.000000,2025-10-02T21:23:50.000000,36500,2,Неопределен|Обесточен,13,0.5,0,6
96319,257-4,Состояние фазы,2025-10-02T11:35:56.000000,2025-10-02T21:23:50.000000,35274,2,Обесточен|Неопределен,14,0.3333333333333333,0,6
229649,847-1,Состояние фазы,2025-01-22T12:24:44.000000,2025-01-22T21:42:34.000000,33470,2,Неопределен|Обесточен,2,0.16666666666666666,0,0
96474,257-4,Состояние фазы,2025-10-21T11:27:37.000000,2025-10-21T20:40:00.000000,33143,2,Неопределен|Обесточен,2,0.3333333333333333,0,0
96323,257-4,Состояние фазы,2025-10-21T11:28:56.000000,2025-10-21T20:40:00.000000,33064,2,Обесточен|Неопределен,2,0.3333333333333333,0,0
287944,915-1,Состояние фазы,2025-07-03T08:59:32.000000,2025-07-03T17:01:54.000000,28942,2,Обесточен,4,1.6666666666666667,0,0
103957,360-1,Состояние фазы,2025-09-04T10:18:48.000000,2025-09-04T18:12:20.000000,28412,2,Обесточен,3,0.5,0,0
333705,1051-1,Состояние фазы,2025-12-05T10:13:06.000000,2025-12-05T18:06:26.000000,28400,2,Неисправен|Обесточен,7,0.16666666666666666,3,3
212905,813-1,Состояние фазы,2025-11-14T09:32:59.000000,2025-11-14T16:50:42.000000,26263,2,Обесточен,4,1.3333333333333333,0,0
103957,360-1,Состояние фазы,2025-05-27T10:42:25.000000,2025-05-27T17:58:36.000000,26171,2,Обесточен,17,0.0,0,0
215834,645-1,Состояние фазы,2025-08-20T10:14:14.000000,2025-08-20T17:30:24.000000,26170,2,Обесточен,7,0.3333333333333333,0,0
96415,257-4,Состояние фазы,2025-10-21T11:35:34.000000,2025-10-21T18:45:18.000000,25784,2,Обесточен|Неопределен,2,0.3333333333333333,0,0
96405,257-4,Состояние фазы,2025-10-21T11:39:37.000000,2025-10-21T18:45:18.000000,25541,2,Неопределен|Обесточен,2,0.3333333333333333,0,0
214238,217-2,Состояние фазы,2025-06-18T14:17:02.000000,2025-06-18T21:20:39.000000,25417,2,Обесточен|Неопределен,2,1.5,0,0
267036,884-1,Состояние фазы,2025-12-02T11:18:59.000000,2025-12-02T18:17:54.000000,25135,2,Обесточен,3,0.6666666666666666,0,0
215825,645-1,Состояние фазы,2025-10-24T10:38:20.000000,2025-10-24T17:03:37.000000,23117,2,Обесточен,39,0.6666666666666666,0,0
229590,847-1,Состояние насоса,2025-02-10T07:50:58.000000,2025-02-10T14:13:52.000000,22974,3,Обесточен|Неисправен,10,2.8333333333333335,7,1
103968,360-1,Состояние фазы,2025-10-09T09:54:33.000000,2025-10-09T16:11:02.000000,22589,2,Обесточен,7,0.3333333333333333,0,0
196745,797-5,Газовый датчик,2025-07-14T02:34:21.000000,2025-07-14T08:49:38.000000,22517,2,Неисправен,2268,1981.0,3,4
278050,884-1,Состояние фазы,2025-03-17T10:42:28.000000,2025-03-17T16:54:22.000000,22314,2,Обесточен,7,1.8333333333333333,0,0
212878,813-1,Состояние фазы,2025-12-08T11:18:34.000000,2025-12-08T17:00:10.000000,20496,2,Обесточен,3,2.1666666666666665,0,1
103964,360-1,Состояние фазы,2025-10-31T12:17:05.000000,2025-10-31T17:57:31.000000,20426,2,Обесточен,22,1.1666666666666667,0,0
96311,257-4,Состояние фазы,2025-10-03T15:44:09.000000,2025-10-03T21:23:51.000000,20382,2,Обесточен|Неопределен,21,3.1666666666666665,0,14
230889,645-1,Состояние фазы,2025-10-14T11:17:16.000000,2025-10-14T16:39:57.000000,19361,2,Обесточен,3,0.8333333333333334,0,0
230884,645-1,Состояние фазы,2025-08-05T11:47:44.000000,2025-08-05T17:01:32.000000,18828,2,Обесточен,3,0.3333333333333333,0,0
212922,813-1,Состояние фазы,2025-10-03T09:39:23.000000,2025-10-03T14:52:32.000000,18789,2,Обесточен,3,4.333333333333333,0,0
212918,813-1,Состояние фазы,2025-12-10T11:37:12.000000,2025-12-10T16:40:40.000000,18208,2,Обесточен,8,1.6666666666666667,0,0
267096,884-1,Состояние фазы,2025-09-16T12:34:46.000000,2025-09-16T17:33:32.000000,17926,2,Обесточен,3,0.6666666666666666,0,0
197350,257-6,Состояние УИР-Р,2025-11-14T08:14:44.000000,2025-11-14T13:04:37.000000,17393,2,Неопределен,52,44.666666666666664,0,160
267036,884-1,Состояние фазы,2025-06-17T10:47:25.000000,2025-06-17T15:37:04.000000,17379,2,Обесточен,5,0.6666666666666666,0,0
236737,854-1,Состояние фазы,2025-11-17T09:57:45.000000,2025-11-17T14:45:38.000000,17273,2,Обесточен,5,0.6666666666666666,0,0
115736,418-1,Состояние фазы,2025-11-25T11:07:42.000000,2025-11-25T15:44:14.000000,16592,2,Обесточен,3,0.3333333333333333,0,0
236737,854-1,Состояние фазы,2025-08-06T11:05:45.000000,2025-08-06T15:38:16.000000,16351,2,Обесточен,4,0.16666666666666666,0,0
103973,360-1,Состояние фазы,2025-08-15T10:09:49.000000,2025-08-15T14:35:43.000000,15954,2,Обесточен,3,0.5,0,0
287905,915-1,Состояние фазы,2025-02-06T11:24:02.000000,2025-02-06T15:45:30.000000,15688,2,Обесточен,9,0.5,2,2
229667,847-1,Состояние фазы,2025-09-23T11:27:46.000000,2025-09-23T15:49:12.000000,15686,2,Обесточен|Неисправен,5,3.0,4,4
229687,847-1,Состояние фазы,2025-09-23T11:28:26.000000,2025-09-23T15:49:12.000000,15646,2,Обесточен|Неисправен,5,1.0,0,0
212836,813-1,Состояние фазы,2025-08-13T10:03:14.000000,2025-08-13T14:21:12.000000,15478,2,Обесточен,6,1.0,0,0
213440,813-1,Состояние фазы,2025-11-21T10:49:41.000000,2025-11-21T14:41:51.000000,13930,2,Обесточен,7,1.1666666666666667,0,0
268048,885-1,Состояние фазы,2025-12-08T12:16:51.000000,2025-12-08T16:02:55.000000,13564,2,Обесточен,3,0.6666666666666666,0,0
104026,360-2,Газовый датчик,2025-07-27T19:32:20.000000,2025-07-27T23:15:41.000000,13401,2,Неопределен,1,1.0,1,1
115718,418-1,Состояние фазы,2025-03-20T11:23:51.000000,2025-03-20T14:54:48.000000,12657,2,Обесточен,8,0.8333333333333334,0,0
212840,813-1,Состояние фазы,2025-08-18T10:55:20.000000,2025-08-18T14:22:48.000000,12448,2,Обесточен,3,1.1666666666666667,0,0
268043,885-1,Состояние фазы,2025-12-09T12:30:14.000000,2025-12-09T15:51:00.000000,12046,2,Обесточен,157,0.0,0,0
193167,257-6,Датчик дыма,2025-04-10T09:55:00.000000,2025-04-10T13:10:28.000000,11728,2,Неопределен|Неисправен,2,0.0,0,1
197031,798-1,ИБП,2025-12-12T17:11:23.000000,2025-12-12T20:24:03.000000,11560,2,Неисправен|Неопределен,12,1.1666666666666667,1,10
268102,885-1,Состояние фазы,2025-03-03T09:36:58.000000,2025-03-03T12:46:08.000000,11350,2,Обесточен,3,0.3333333333333333,0,0
196978,798-1,Датчик дыма,2025-07-21T09:20:32.000000,2025-07-21T12:29:18.000000,11326,2,Неисправен|Неопределен,2,0.0,0,1
94831,257-2,Датчик дыма,2025-12-02T11:35:55.000000,2025-12-02T14:44:15.000000,11300,2,Неопределен|Неисправен,2,0.0,2,1
268023,885-1,Состояние фазы,2025-07-28T11:36:52.000000,2025-07-28T14:38:45.000000,10913,2,Обесточен,3,0.5,0,0
222047,508-1,ИБП,2025-09-01T12:19:17.000000,2025-09-01T15:12:03.000000,10366,2,Батарея неисправна|Неопределен,6,1.6666666666666667,1,3
197343,257-6,Состояние УИР-Р,2025-11-11T12:40:30.000000,2025-11-11T15:28:59.000000,10109,2,Неопределен,26,32.666666666666664,0,111
222042,217-1,ИБП,2025-12-15T04:49:22.000000,2025-12-15T07:37:22.000000,10080,2,Неопределен|Неисправен,1,2.3333333333333335,1,8
288026,915-1,Состояние фазы,2025-06-06T13:49:52.000000,2025-06-06T16:37:46.000000,10074,2,Обесточен,5,1.6666666666666667,0,0
333424,1051-1,Состояние вентилятора,2025-12-05T11:13:53.000000,2025-12-05T14:01:12.000000,10039,4,Обесточен|Неопределен|Неисправен,12,0.0,6,3
267025,884-1,Состояние фазы,2025-01-14T11:13:23.000000,2025-01-14T13:58:15.000000,9892,2,Обесточен,19,2.3333333333333335,0,0
193183,257-6,Датчик дыма,2025-06-03T11:54:51.000000,2025-06-03T14:21:17.000000,8786,2,Неопределен|Неисправен,2,0.0,0,1
212928,813-1,Состояние фазы,2025-04-07T13:24:47.000000,2025-04-07T15:48:49.000000,8642,2,Обесточен,3,0.8333333333333334,0,0
287997,915-1,Состояние фазы,2025-04-12T09:46:02.000000,2025-04-12T12:05:44.000000,8382,2,Обесточен,4,2.8333333333333335,0,0
193167,257-6,Датчик дыма,2025-12-02T10:08:10.000000,2025-12-02T12:22:42.000000,8072,2,Неисправен|Неопределен,2,0.0,2,1
193155,257-6,Датчик дыма,2025-12-02T10:12:11.000000,2025-12-02T12:22:26.000000,7815,2,Неисправен|Неопределен,2,0.0,2,1
96419,257-4,Состояние фазы,2025-10-21T16:35:17.000000,2025-10-21T18:45:18.000000,7801,2,Неопределен|Обесточен,2,0.3333333333333333,0,0
197341,257-6,Состояние УИР-Р,2025-11-05T13:49:21.000000,2025-11-05T15:58:58.000000,7777,2,Неопределен,20,14.666666666666666,0,54
196786,797-9,Газовый датчик,2025-11-06T09:48:49.000000,2025-11-06T11:56:58.000000,7689,2,Неисправен|Неопределен,2808,2693.3333333333335,1,3
334708,1051-1,Ручной извещатель,2025-12-02T12:20:43.000000,2025-12-02T14:28:41.000000,7678,3,Неопределен|Неисправен,10,0.16666666666666666,5,7
96265,257-4,Состояние фазы,2025-10-21T16:37:37.000000,2025-10-21T18:45:18.000000,7661,2,Обесточен|Неопределен,2,0.6666666666666666,0,0
197156,798-2,Состояние фазы,2025-12-11T13:27:14.000000,2025-12-11T15:32:02.000000,7488,2,Обесточен|Неопределен,5,1.3333333333333333,0,0
230909,847-1,Состояние фазы,2025-04-03T12:17:50.000000,2025-04-03T14:22:02.000000,7452,2,Обесточен,17,0.6666666666666666,0,0
193130,257-6,Датчик дыма,2025-12-02T10:17:36.000000,2025-12-02T12:21:22.000000,7426,2,Неисправен|Неопределен,2,0.0,2,1
278049,884-1,Состояние фазы,2025-11-26T11:00:19.000000,2025-11-26T13:03:55.000000,7416,2,Обесточен,3,1.3333333333333333,0,1
222047,508-1,ИБП,2025-08-12T11:55:01.000000,2025-08-12T13:58:27.000000,7406,2,Неисправен|Неопределен,1,0.0,1,1
95437,257-3,Состояние фазы,2025-08-27T11:10:05.000000,2025-08-27T13:12:44.000000,7359,2,Неопределен|Обесточен,6,0.0,0,0
196978,798-1,Датчик дыма,2025-09-12T09:40:08.000000,2025-09-12T11:42:20.000000,7332,2,Неисправен|Неопределен,2,0.3333333333333333,0,2
193115,257-6,Датчик дыма,2025-12-02T10:20:53.000000,2025-12-02T12:21:37.000000,7244,2,Неопределен|Неисправен,2,0.0,2,1
196780,797-8,Газовый датчик,2025-11-06T09:58:29.000000,2025-11-06T11:56:57.000000,7108,2,Неисправен|Неопределен,2810,2571.6666666666665,1,3
196779,797-8,Газовый датчик,2025-11-06T09:59:46.000000,2025-11-06T11:56:57.000000,7031,2,Неисправен|Неопределен,482,494.6666666666667,1,3
93522,257-1,Датчик дыма,2025-06-03T07:09:02.000000,2025-06-03T09:05:02.000000,6960,2,Неопределен|Неисправен,17,0.0,7,5
196778,797-8,Газовый датчик,2025-11-06T10:01:20.000000,2025-11-06T11:56:57.000000,6937,3,Неисправен|Неопределен,2018,1987.8333333333333,1,3
333629,1051-1,Состояние фазы,2025-12-22T10:21:14.000000,2025-12-22T12:15:46.000000,6872,2,Обесточен,4,0.0,0,0
196777,797-8,Газовый датчик,2025-11-06T10:03:34.000000,2025-11-06T11:56:57.000000,6803,2,Неопределен|Неисправен,2485,2246.1666666666665,1,3
268024,885-1,Состояние фазы,2025-02-18T12:20:41.000000,2025-02-18T14:12:04.000000,6683,2,Обесточен,7,1.0,0,0
196995,798-1,Датчик дыма,2025-05-22T09:17:52.000000,2025-05-22T11:07:57.000000,6605,2,Неопределен|Неисправен,4,0.0,0,2
278046,884-1,Состояние фазы,2025-08-19T10:58:02.000000,2025-08-19T12:43:56.000000,6354,2,Обесточен,3,1.8333333333333333,0,0
215770,645-1,Состояние фазы,2025-07-28T10:04:01.000000,2025-07-28T11:49:55.000000,6354,2,Обесточен,11,1.0,0,0
229594,847-1,Состояние фазы,2025-03-12T13:17:12.000000,2025-03-12T15:02:50.000000,6338,2,Обесточен,3,0.3333333333333333,0,0
196991,798-1,Датчик дыма,2025-05-22T09:22:45.000000,2025-05-22T11:07:49.000000,6304,2,Неопределен|Неисправен,2,0.0,0,1
196772,797-7,Газовый датчик,2025-11-06T10:11:47.000000,2025-11-06T11:56:49.000000,6302,2,Неисправен|Неопределен,1194,1140.0,2,4
96266,257-4,Состояние фазы,2025-10-21T17:00:58.000000,2025-10-21T18:45:18.000000,6260,2,Обесточен|Неопределен,2,0.6666666666666666,0,0
196771,797-7,Газовый датчик,2025-11-06T10:14:09.000000,2025-11-06T11:56:49.000000,6160,3,Неопределен|Неисправен,2909,2747.5,2,4
197351,257-6,Состояние УИР-Р,2025-11-14T07:12:29.000000,2025-11-14T08:54:17.000000,6108,2,Неопределен,62,83.0,0,280
93428,257-1,Датчик дыма,2025-12-02T09:45:14.000000,2025-12-02T11:26:45.000000,6091,2,Неопределен|Неисправен,2,0.0,2,1
93424,257-1,Датчик дыма,2025-12-02T09:45:14.000000,2025-12-02T11:26:32.000000,6078,2,Неопределен|Неисправен,2,0.0,2,1
196728,797-3,Газовый датчик,2025-11-06T10:16:41.000000,2025-11-06T11:56:33.000000,5992,2,Неисправен|Неопределен,1345,1508.3333333333333,2,4
196985,798-1,Датчик дыма,2025-05-22T09:28:08.000000,2025-05-22T11:07:29.000000,5961,2,Неисправен|Неопределен,2,0.0,0,1
196976,798-1,Датчик дыма,2025-05-22T09:28:08.000000,2025-05-22T11:07:07.000000,5939,2,Неопределен|Неисправен,2,0.0,0,1
287900,915-1,Состояние фазы,2025-03-24T08:33:00.000000,2025-03-24T10:10:34.000000,5854,2,Неисправен|Обесточен,2,7.0,10,10
196476,797-1,Датчик дыма,2025-10-16T11:28:49.000000,2025-10-16T13:05:47.000000,5818,2,Неисправен|Неопределен,2,1.5,0,5
93447,257-1,Датчик дыма,2025-12-02T09:50:26.000000,2025-12-02T11:27:12.000000,5806,2,Неисправен|Неопределен,2,0.0,2,1
229694,847-1,Состояние фазы,2025-01-08T10:27:32.000000,2025-01-08T12:03:26.000000,5754,2,Обесточен,3,1.0,0,0
196765,797-7,Газовый датчик,2025-11-06T10:22:18.000000,2025-11-06T11:56:49.000000,5671,2,Неопределен|Неисправен,2118,1988.6666666666667,1,3
193183,257-6,Датчик дыма,2025-04-10T11:42:30.000000,2025-04-10T13:13:55.000000,5485,2,Неисправен|Неопределен,2,0.0,0,1
288121,915-1,Состояние фазы,2025-08-13T10:02:10.000000,2025-08-13T11:30:46.000000,5316,2,Обесточен,9,0.3333333333333333,0,0
120237,15-10,Датчик дыма,2025-05-16T09:30:20.000000,2025-05-16T10:58:45.000000,5305,2,Неисправен|Неопределен,2,0.0,0,1
196745,797-5,Газовый датчик,2025-08-07T10:59:37.000000,2025-08-07T12:27:35.000000,5278,2,Неисправен,1681,1720.1666666666667,2,3
196761,797-6,Газовый датчик,2025-11-06T10:29:15.000000,2025-11-06T11:56:49.000000,5254,2,Неопределен|Неисправен,2029,1750.8333333333333,1,3
196969,798-1,Датчик дыма,2025-05-22T09:40:11.000000,2025-05-22T11:06:41.000000,5190,2,Неопределен|Неисправен,2,0.0,0,1
98179,257-2,Датчик дыма,2025-10-01T12:00:08.000000,2025-10-01T13:26:11.000000,5163,2,Неопределен|Неисправен,4,0.0,0,2
196759,797-6,Газовый датчик,2025-11-06T10:31:37.000000,2025-11-06T11:56:49.000000,5112,2,Неопределен|Неисправен,1997,1722.0,1,3
214023,813-1,Состояние фазы,2025-12-29T12:19:14.000000,2025-12-29T13:43:22.000000,5048,2,Обесточен|Неопределен,2,0.16666666666666666,0,0
94848,257-2,Датчик дыма,2025-10-01T11:44:01.000000,2025-10-01T13:07:34.000000,5013,2,Неисправен|Неопределен,4,0.0,0,2
147016,505-1,ИБП,2025-08-05T10:24:43.000000,2025-08-05T11:46:08.000000,4885,3,Батарея неисправна|Батарея разряжена,10,8.0,4,2
287387,914-1,Датчик дыма,2025-07-17T13:47:26.000000,2025-07-17T15:08:10.000000,4844,2,Неисправен|Отключено устройство,3,0.0,2,2
196476,797-1,Датчик дыма,2025-06-25T13:18:03.000000,2025-06-25T14:38:05.000000,4802,2,Неопределен|Неисправен,2,0.16666666666666666,0,1
196470,797-1,Датчик дыма,2025-06-25T13:18:34.000000,2025-06-25T14:36:37.000000,4683,2,Неопределен|Неисправен,2,0.16666666666666666,0,1
120261,15-10,Датчик дыма,2025-09-10T09:38:33.000000,2025-09-10T10:54:02.000000,4529,3,Неопределен|Неисправен,4,0.0,0,2
197146,798-2,Состояние насоса,2025-09-10T11:25:07.000000,2025-09-10T12:40:00.000000,4493,2,Обесточен,49,3.3333333333333335,18,14
171587,672-1,Датчик дыма,2025-02-10T11:13:18.000000,2025-02-10T12:26:58.000000,4420,2,Неисправен|Неопределен,7,0.0,0,3
171575,672-1,Датчик дыма,2025-02-10T11:13:18.000000,2025-02-10T12:26:05.000000,4367,2,Неопределен|Неисправен,6,0.0,0,2
120230,15-10,Датчик дыма,2025-11-21T09:55:54.000000,2025-11-21T11:08:16.000000,4342,2,Неисправен|Неопределен,2,0.0,2,1
143545,505-1,Датчик дыма,2025-11-25T10:04:06.000000,2025-11-25T11:16:13.000000,4327,2,Неопределен|Неисправен,1,0.0,1,1
120254,15-10,Датчик дыма,2025-11-21T09:54:06.000000,2025-11-21T11:06:03.000000,4317,2,Неисправен|Неопределен,2,0.0,2,1
196752,797-5,Газовый датчик,2025-11-06T10:45:47.000000,2025-11-06T11:56:43.000000,4256,2,Неопределен|Неисправен,1056,986.5,1,3
94819,257-2,Датчик дыма,2025-07-01T00:52:38.000000,2025-07-01T02:03:28.000000,4250,2,Неопределен|Неисправен,38,0.0,8,23
154850,15-10,Датчик дыма,2025-11-21T09:56:38.000000,2025-11-21T11:06:15.000000,4177,2,Неисправен|Неопределен,2,0.0,2,1
171587,672-1,Датчик дыма,2025-06-26T11:48:40.000000,2025-06-26T12:56:39.000000,4079,2,Неопределен|Неисправен,2,0.3333333333333333,0,2
222047,508-1,ИБП,2025-06-16T13:55:14.000000,2025-06-16T15:02:05.000000,4011,2,Батарея неисправна|Неопределен,8,5.833333333333333,0,5
197035,798-1,Датчик дыма,2025-11-20T10:49:07.000000,2025-11-20T11:55:33.000000,3986,2,Неисправен|Неопределен,2,0.0,2,1
196139,553-2,Газовый датчик,2025-01-09T13:55:40.000000,2025-01-09T15:01:40.000000,3960,2,Неопределен,27,27.333333333333332,0,96
196513,797-1,Датчик дыма,2025-06-25T13:37:53.000000,2025-06-25T14:41:40.000000,3827,2,Неопределен|Неисправен,2,0.16666666666666666,0,1
171550,672-1,Датчик дыма,2025-02-10T11:28:34.000000,2025-02-10T12:30:25.000000,3711,2,Неисправен|Неопределен,2,0.0,0,1
171544,672-1,Датчик дыма,2025-02-10T11:28:33.000000,2025-02-10T12:29:58.000000,3685,2,Неисправен|Неопределен,2,0.0,0,1
197031,798-1,ИБП,2025-01-22T22:37:10.000000,2025-01-22T23:38:15.000000,3665,2,Неопределен|Неисправен,3,0.0,2,1
197000,798-1,Датчик дыма,2025-11-20T09:31:15.000000,2025-11-20T10:32:00.000000,3645,2,Неопределен|Неисправен,2,0.0,2,1
277965,884-1,КД АВ,2025-06-08T18:27:07.000000,2025-06-08T19:27:41.000000,3634,2,Отключено устройство,10,0.0,5,0
