Type,Name,Request Count,Failure Count,Median Response Time,Average Response Time,Min Response Time,Max Response Time,Average Content Size,Requests/s,Failures/s,50%,66%,75%,80%,90%,95%,98%,99%,99.9%,99.99%,100%
POST,/api/v1/auth/login,20,0,150,149.86133499842254,81.98350000020582,339.00189999258146,140.65,0.03338653844320757,0.0,150,160,180,200,240,340,340,340,340,340,340
GET,/api/v1/dashboard/summary,527,0,110,138.45145237203326,84.581100003561,662.0416999940062,2094.924098671727,0.8797352879785194,0.0,110,130,150,170,230,270,350,400,660,660,660
GET,/api/v1/events,561,0,360,382.317155971511,222.48000001127366,3027.6254999917,43513.23529411765,0.9364924033319723,0.0,360,400,430,450,510,560,630,770,3000,3000,3000
GET,/api/v1/forecasts,862,0,66,87.11943051074427,34.822300003725104,434.3996999959927,41465.76450116009,1.4389598069022462,0.0,66,81,99,120,160,200,240,260,430,430,430
GET,/api/v1/forecasts (מקונוהü הארבמנהא),527,0,61,73.46440208756053,47.59620000550058,578.7607999955071,36773.0,0.8797352879785194,0.0,61,68,74,82,110,140,170,230,580,580,580
GET,/api/v1/forecasts/{id},625,0,23,39.732461920101194,10.929400013992563,354.11699999531265,3624.9392,1.0433293263502366,0.0,23,36,45,53,81,110,190,240,350,350,350
GET,/api/v1/system/status,223,0,140,194.87731076302967,114.90339999727439,2320.7810999883804,658.0,0.37225990364176437,0.0,140,160,180,210,280,320,430,1800,2300,2300,2300
GET,/api/v1/work-orders,610,0,12,21.42933163933597,6.808999998611398,353.5743999964325,11598.822950819673,1.0182894225178307,0.0,12,16,20,25,45,61,99,140,350,350,350
GET,/api/v1/work-orders/{id},364,1,11,27.543349450802403,2.7640999905997887,1913.5570999933407,1034.4423076923076,0.6076349996663777,0.0016693269221603783,11,13,16,19,37,61,130,220,1900,1900,1900
SSE,hello,20,0,15,24.65213500036043,6.686200009426102,132.94789999781642,0.0,0.03338653844320757,0.0,15,18,20,21,110,130,130,130,130,130,130
,Aggregated,4339,1,64,114.34314330508566,2.7640999905997887,3027.6254999917,20858.438119382346,7.243209515253882,0.0016693269221603783,64,100,130,170,300,400,480,540,1800,3000,3000
