mode,pass,rows,event_first,event_last,sent_at,done_at,latency_min_s,latency_max_s,request_s,attempts,status,accepted,duplicates,rejected,outside_demo_window,error
catch-up,1,5000,2026-06-30T00:00:00,2026-06-30T00:45:07,2026-09-28T17:15:42.467+03:00,2026-09-28T17:15:42.927+03:00,,,0.46,1,accepted,0,5000,0,0,
catch-up,1,5000,2026-06-30T00:45:09,2026-06-30T01:31:40,2026-09-28T17:15:42.927+03:00,2026-09-28T17:15:43.286+03:00,,,0.359,1,accepted,0,5000,0,0,
catch-up,1,5000,2026-06-30T01:31:40,2026-06-30T02:16:40,2026-09-28T17:15:43.287+03:00,2026-09-28T17:15:43.563+03:00,,,0.276,1,accepted,0,5000,0,0,
catch-up,1,5000,2026-06-30T02:16:41,2026-06-30T03:03:03,2026-09-28T17:15:43.564+03:00,2026-09-28T17:15:43.886+03:00,,,0.322,1,accepted,0,5000,0,0,
catch-up,1,5000,2026-06-30T03:03:04,2026-06-30T03:46:33,2026-09-28T17:15:43.887+03:00,2026-09-28T17:15:44.162+03:00,,,0.275,1,accepted,0,5000,0,0,
catch-up,1,5000,2026-06-30T03:46:34,2026-06-30T04:33:22,2026-09-28T17:15:44.163+03:00,2026-09-28T17:15:44.468+03:00,,,0.305,1,accepted,0,5000,0,0,
catch-up,1,5000,2026-06-30T04:33:22,2026-06-30T05:18:55,2026-09-28T17:15:44.469+03:00,2026-09-28T17:15:44.735+03:00,,,0.266,1,accepted,0,5000,0,0,
catch-up,1,5000,2026-06-30T05:18:56,2026-06-30T06:02:13,2026-09-28T17:15:44.735+03:00,2026-09-28T17:15:45.052+03:00,,,0.317,1,accepted,0,5000,0,0,
catch-up,1,5000,2026-06-30T06:02:13,2026-06-30T06:49:40,2026-09-28T17:15:45.052+03:00,2026-09-28T17:15:45.321+03:00,,,0.269,1,accepted,0,5000,0,0,
catch-up,1,5000,2026-06-30T06:49:41,2026-06-30T07:32:21,2026-09-28T17:15:45.321+03:00,2026-09-28T17:15:45.640+03:00,,,0.319,1,accepted,0,5000,0,0,
catch-up,1,5000,2026-06-30T07:32:21,2026-06-30T08:00:27,2026-09-28T17:15:45.641+03:00,2026-09-28T17:15:48.021+03:00,,,2.38,1,accepted,5000,0,0,0,
catch-up,1,5000,2026-06-30T08:00:27,2026-06-30T08:25:43,2026-09-28T17:15:48.022+03:00,2026-09-28T17:15:50.178+03:00,,,2.156,1,accepted,5000,0,0,0,
catch-up,1,5000,2026-06-30T08:25:43,2026-06-30T08:49:44,2026-09-28T17:15:50.178+03:00,2026-09-28T17:15:52.403+03:00,,,2.225,1,accepted,5000,0,0,0,
catch-up,1,5000,2026-06-30T08:49:44,2026-06-30T09:14:50,2026-09-28T17:15:52.404+03:00,2026-09-28T17:15:54.467+03:00,,,2.063,1,accepted,5000,0,0,0,
catch-up,1,5000,2026-06-30T09:14:50,2026-06-30T09:42:14,2026-09-28T17:15:54.467+03:00,2026-09-28T17:15:56.644+03:00,,,2.177,1,accepted,5000,0,0,0,
catch-up,1,5000,2026-06-30T09:42:14,2026-06-30T10:10:26,2026-09-28T17:15:56.645+03:00,2026-09-28T17:15:58.900+03:00,,,2.255,1,accepted,5000,0,0,0,
catch-up,1,5000,2026-06-30T10:10:26,2026-06-30T10:37:44,2026-09-28T17:15:58.900+03:00,2026-09-28T17:16:01.077+03:00,,,2.178,1,accepted,5000,0,0,0,
catch-up,1,5000,2026-06-30T10:37:44,2026-06-30T11:11:45,2026-09-28T17:16:01.077+03:00,2026-09-28T17:16:03.054+03:00,,,1.977,1,accepted,5000,0,0,0,
catch-up,1,5000,2026-06-30T11:11:45,2026-06-30T11:39:47,2026-09-28T17:16:03.054+03:00,2026-09-28T17:16:05.226+03:00,,,2.172,1,accepted,5000,0,0,0,
catch-up,1,5000,2026-06-30T11:39:47,2026-06-30T12:09:28,2026-09-28T17:16:05.226+03:00,2026-09-28T17:16:07.502+03:00,,,2.276,1,accepted,5000,0,0,0,
catch-up,1,5000,2026-06-30T12:09:28,2026-06-30T12:45:22,2026-09-28T17:16:07.503+03:00,2026-09-28T17:16:09.445+03:00,,,1.942,1,accepted,5000,0,0,0,
catch-up,1,5000,2026-06-30T12:45:22,2026-06-30T13:16:02,2026-09-28T17:16:09.447+03:00,2026-09-28T17:16:11.259+03:00,,,1.813,1,accepted,5000,0,0,0,
catch-up,1,5000,2026-06-30T13:16:02,2026-06-30T13:45:07,2026-09-28T17:16:11.260+03:00,2026-09-28T17:16:13.311+03:00,,,2.051,1,accepted,5000,0,0,0,
catch-up,1,5000,2026-06-30T13:45:07,2026-06-30T14:16:26,2026-09-28T17:16:13.312+03:00,2026-09-28T17:16:15.180+03:00,,,1.868,1,accepted,5000,0,0,0,
catch-up,1,5000,2026-06-30T14:16:27,2026-06-30T14:49:29,2026-09-28T17:16:15.181+03:00,2026-09-28T17:16:16.859+03:00,,,1.678,1,accepted,5000,0,0,0,
catch-up,1,5000,2026-06-30T14:49:30,2026-06-30T15:20:37,2026-09-28T17:16:16.860+03:00,2026-09-28T17:16:18.395+03:00,,,1.534,1,accepted,5000,0,0,0,
catch-up,1,5000,2026-06-30T15:20:38,2026-06-30T15:49:53,2026-09-28T17:16:18.396+03:00,2026-09-28T17:16:19.912+03:00,,,1.516,1,accepted,5000,0,0,0,
catch-up,1,5000,2026-06-30T15:49:54,2026-06-30T16:24:05,2026-09-28T17:16:19.913+03:00,2026-09-28T17:16:21.406+03:00,,,1.493,1,accepted,5000,0,0,0,
catch-up,1,5000,2026-06-30T16:24:07,2026-06-30T16:48:48,2026-09-28T17:16:21.407+03:00,2026-09-28T17:16:26.207+03:00,,,4.8,1,accepted,5000,0,0,0,
catch-up,1,4140,2026-06-30T16:48:50,2026-06-30T17:15:42,2026-09-28T17:16:26.208+03:00,2026-09-28T17:16:28.698+03:00,,,2.49,1,accepted,4140,0,0,0,
live,1,126,2026-06-30T17:15:43,2026-06-30T17:16:28,2026-09-28T17:16:28.701+03:00,2026-09-28T17:16:28.847+03:00,0.848,45.848,0.146,1,accepted,126,0,0,0,
live,1,8,2026-06-30T17:16:29,2026-06-30T17:16:32,2026-09-28T17:16:33.702+03:00,2026-09-28T17:16:35.424+03:00,3.425,6.425,1.723,1,accepted,8,0,0,0,
live,1,6,2026-06-30T17:16:34,2026-06-30T17:16:38,2026-09-28T17:16:38.703+03:00,2026-09-28T17:16:38.736+03:00,0.737,4.737,0.034,1,accepted,6,0,0,0,
live,1,14,2026-06-30T17:16:39,2026-06-30T17:16:43,2026-09-28T17:16:43.703+03:00,2026-09-28T17:16:43.742+03:00,0.743,4.743,0.039,1,accepted,14,0,0,0,
live,1,9,2026-06-30T17:16:44,2026-06-30T17:16:48,2026-09-28T17:16:48.703+03:00,2026-09-28T17:16:48.741+03:00,0.742,4.742,0.038,1,accepted,9,0,0,0,
live,1,10,2026-06-30T17:16:49,2026-06-30T17:16:53,2026-09-28T17:16:53.704+03:00,2026-09-28T17:16:53.817+03:00,0.818,4.818,0.114,1,accepted,10,0,0,0,
live,1,12,2026-06-30T17:16:54,2026-06-30T17:16:58,2026-09-28T17:16:58.705+03:00,2026-09-28T17:16:58.741+03:00,0.742,4.742,0.036,1,accepted,12,0,0,0,
live,1,9,2026-06-30T17:16:59,2026-06-30T17:17:03,2026-09-28T17:17:03.706+03:00,2026-09-28T17:17:03.746+03:00,0.747,4.747,0.041,1,accepted,9,0,0,0,
live,1,13,2026-06-30T17:17:04,2026-06-30T17:17:08,2026-09-28T17:17:08.706+03:00,2026-09-28T17:17:08.742+03:00,0.742,4.742,0.035,1,accepted,13,0,0,0,
live,1,8,2026-06-30T17:17:09,2026-06-30T17:17:12,2026-09-28T17:17:13.707+03:00,2026-09-28T17:17:13.737+03:00,1.738,4.738,0.03,1,accepted,8,0,0,0,
live,1,16,2026-06-30T17:17:14,2026-06-30T17:17:18,2026-09-28T17:17:18.708+03:00,2026-09-28T17:17:18.759+03:00,0.759,4.759,0.051,1,accepted,16,0,0,0,
live,1,10,2026-06-30T17:17:19,2026-06-30T17:17:23,2026-09-28T17:17:23.708+03:00,2026-09-28T17:17:23.755+03:00,0.755,4.755,0.046,1,accepted,10,0,0,0,
live,1,16,2026-06-30T17:17:24,2026-06-30T17:17:28,2026-09-28T17:17:28.709+03:00,2026-09-28T17:17:28.759+03:00,0.759,4.759,0.05,1,accepted,16,0,0,0,
live,1,4,2026-06-30T17:17:30,2026-06-30T17:17:33,2026-09-28T17:17:33.709+03:00,2026-09-28T17:17:33.813+03:00,0.814,3.814,0.104,1,accepted,4,0,0,0,
live,1,16,2026-06-30T17:17:34,2026-06-30T17:17:38,2026-09-28T17:17:38.710+03:00,2026-09-28T17:17:38.756+03:00,0.757,4.757,0.046,1,accepted,16,0,0,0,
live,1,13,2026-06-30T17:17:40,2026-06-30T17:17:43,2026-09-28T17:17:43.711+03:00,2026-09-28T17:17:43.823+03:00,0.824,3.824,0.112,1,accepted,13,0,0,0,
live,1,10,2026-06-30T17:17:44,2026-06-30T17:17:48,2026-09-28T17:17:48.712+03:00,2026-09-28T17:17:48.761+03:00,0.762,4.762,0.049,1,accepted,10,0,0,0,
live,1,4,2026-06-30T17:17:49,2026-06-30T17:17:52,2026-09-28T17:17:53.713+03:00,2026-09-28T17:17:53.747+03:00,1.747,4.747,0.034,1,accepted,4,0,0,0,
live,1,13,2026-06-30T17:17:54,2026-06-30T17:17:58,2026-09-28T17:17:58.713+03:00,2026-09-28T17:17:58.749+03:00,0.75,4.75,0.036,1,accepted,13,0,0,0,
live,1,10,2026-06-30T17:17:59,2026-06-30T17:18:03,2026-09-28T17:18:03.714+03:00,2026-09-28T17:18:03.756+03:00,0.756,4.756,0.042,1,accepted,10,0,0,0,
live,1,9,2026-06-30T17:18:05,2026-06-30T17:18:08,2026-09-28T17:18:08.715+03:00,2026-09-28T17:18:08.779+03:00,0.78,3.78,0.064,1,accepted,9,0,0,0,
live,1,13,2026-06-30T17:18:09,2026-06-30T17:18:13,2026-09-28T17:18:13.716+03:00,2026-09-28T17:18:13.741+03:00,0.741,4.741,0.025,1,accepted,13,0,0,0,
live,1,10,2026-06-30T17:18:14,2026-06-30T17:18:18,2026-09-28T17:18:18.716+03:00,2026-09-28T17:18:18.801+03:00,0.801,4.801,0.085,1,accepted,10,0,0,0,
live,1,7,2026-06-30T17:18:19,2026-06-30T17:18:22,2026-09-28T17:18:23.717+03:00,2026-09-28T17:18:23.805+03:00,1.805,4.805,0.088,1,accepted,7,0,0,0,
live,1,8,2026-06-30T17:18:24,2026-06-30T17:18:28,2026-09-28T17:18:28.718+03:00,2026-09-28T17:18:28.749+03:00,0.749,4.749,0.031,1,accepted,8,0,0,0,
live,1,10,2026-06-30T17:18:29,2026-06-30T17:18:33,2026-09-28T17:18:33.718+03:00,2026-09-28T17:18:33.764+03:00,0.765,4.765,0.046,1,accepted,10,0,0,0,
live,1,12,2026-06-30T17:18:34,2026-06-30T17:18:38,2026-09-28T17:18:38.719+03:00,2026-09-28T17:18:38.837+03:00,0.837,4.837,0.118,1,accepted,12,0,0,0,
live,1,12,2026-06-30T17:18:39,2026-06-30T17:18:43,2026-09-28T17:18:43.720+03:00,2026-09-28T17:18:43.756+03:00,0.757,4.757,0.036,1,accepted,12,0,0,0,
live,1,6,2026-06-30T17:18:45,2026-06-30T17:18:48,2026-09-28T17:18:48.721+03:00,2026-09-28T17:18:48.752+03:00,0.753,3.753,0.031,1,accepted,6,0,0,0,
live,1,7,2026-06-30T17:18:49,2026-06-30T17:18:50,2026-09-28T17:18:53.722+03:00,2026-09-28T17:18:53.753+03:00,3.753,4.753,0.031,1,accepted,7,0,0,0,
live,1,7,2026-06-30T17:18:54,2026-06-30T17:18:58,2026-09-28T17:18:58.723+03:00,2026-09-28T17:18:58.794+03:00,0.794,4.794,0.071,1,accepted,7,0,0,0,
live,1,8,2026-06-30T17:18:59,2026-06-30T17:19:03,2026-09-28T17:19:03.723+03:00,2026-09-28T17:19:03.775+03:00,0.776,4.776,0.052,1,accepted,8,0,0,0,
live,1,15,2026-06-30T17:19:04,2026-06-30T17:19:08,2026-09-28T17:19:08.724+03:00,2026-09-28T17:19:08.769+03:00,0.769,4.769,0.045,1,accepted,15,0,0,0,
live,1,9,2026-06-30T17:19:09,2026-06-30T17:19:13,2026-09-28T17:19:13.725+03:00,2026-09-28T17:19:13.744+03:00,0.744,4.744,0.019,1,accepted,9,0,0,0,
live,1,10,2026-06-30T17:19:15,2026-06-30T17:19:18,2026-09-28T17:19:18.725+03:00,2026-09-28T17:19:18.744+03:00,0.745,3.745,0.019,1,accepted,10,0,0,0,
live,1,9,2026-06-30T17:19:19,2026-06-30T17:19:23,2026-09-28T17:19:23.726+03:00,2026-09-28T17:19:23.765+03:00,0.765,4.765,0.039,1,accepted,9,0,0,0,
live,1,10,2026-06-30T17:19:24,2026-06-30T17:19:28,2026-09-28T17:19:28.727+03:00,2026-09-28T17:19:28.772+03:00,0.772,4.772,0.045,1,accepted,10,0,0,0,
live,1,7,2026-06-30T17:19:29,2026-06-30T17:19:33,2026-09-28T17:19:33.727+03:00,2026-09-28T17:19:33.778+03:00,0.778,4.778,0.05,1,accepted,7,0,0,0,
live,1,6,2026-06-30T17:19:35,2026-06-30T17:19:38,2026-09-28T17:19:38.728+03:00,2026-09-28T17:19:38.756+03:00,0.757,3.757,0.028,1,accepted,6,0,0,0,
live,1,10,2026-06-30T17:19:39,2026-06-30T17:19:43,2026-09-28T17:19:43.728+03:00,2026-09-28T17:19:43.770+03:00,0.77,4.77,0.042,1,accepted,10,0,0,0,
live,1,8,2026-06-30T17:19:45,2026-06-30T17:19:48,2026-09-28T17:19:48.729+03:00,2026-09-28T17:19:48.780+03:00,0.781,3.781,0.052,1,accepted,8,0,0,0,
live,1,12,2026-06-30T17:19:49,2026-06-30T17:19:53,2026-09-28T17:19:53.729+03:00,2026-09-28T17:19:53.756+03:00,0.757,4.757,0.027,1,accepted,12,0,0,0,
live,1,12,2026-06-30T17:19:54,2026-06-30T17:19:58,2026-09-28T17:19:58.730+03:00,2026-09-28T17:19:58.763+03:00,0.764,4.764,0.034,1,accepted,12,0,0,0,
live,1,3,2026-06-30T17:20:00,2026-06-30T17:20:03,2026-09-28T17:20:03.731+03:00,2026-09-28T17:20:03.784+03:00,0.785,3.785,0.053,1,accepted,3,0,0,0,
live,1,2,2026-06-30T17:20:04,2026-06-30T17:20:05,2026-09-28T17:20:08.733+03:00,2026-09-28T17:20:08.772+03:00,3.773,4.773,0.04,1,accepted,2,0,0,0,
live,1,10,2026-06-30T17:20:09,2026-06-30T17:20:13,2026-09-28T17:20:13.733+03:00,2026-09-28T17:20:13.796+03:00,0.797,4.797,0.063,1,accepted,10,0,0,0,
live,1,34,2026-06-30T17:20:14,2026-06-30T17:20:17,2026-09-28T17:20:18.734+03:00,2026-09-28T17:20:18.785+03:00,1.785,4.785,0.051,1,accepted,34,0,0,0,
live,1,8,2026-06-30T17:20:20,2026-06-30T17:20:23,2026-09-28T17:20:23.735+03:00,2026-09-28T17:20:23.775+03:00,0.776,3.776,0.04,1,accepted,8,0,0,0,
live,1,13,2026-06-30T17:20:24,2026-06-30T17:20:28,2026-09-28T17:20:28.736+03:00,2026-09-28T17:20:28.848+03:00,0.849,4.849,0.112,1,accepted,13,0,0,0,
live,1,13,2026-06-30T17:20:29,2026-06-30T17:20:33,2026-09-28T17:20:33.736+03:00,2026-09-28T17:20:33.779+03:00,0.78,4.78,0.043,1,accepted,13,0,0,0,
live,1,17,2026-06-30T17:20:34,2026-06-30T17:20:37,2026-09-28T17:20:38.737+03:00,2026-09-28T17:20:38.784+03:00,1.785,4.785,0.047,1,accepted,17,0,0,0,
live,1,11,2026-06-30T17:20:39,2026-06-30T17:20:43,2026-09-28T17:20:43.738+03:00,2026-09-28T17:20:43.786+03:00,0.787,4.787,0.048,1,accepted,11,0,0,0,
live,1,16,2026-06-30T17:20:44,2026-06-30T17:20:48,2026-09-28T17:20:48.739+03:00,2026-09-28T17:20:48.790+03:00,0.79,4.79,0.051,1,accepted,16,0,0,0,
live,1,12,2026-06-30T17:20:49,2026-06-30T17:20:52,2026-09-28T17:20:53.739+03:00,2026-09-28T17:20:53.781+03:00,1.782,4.782,0.042,1,accepted,12,0,0,0,
live,1,17,2026-06-30T17:20:54,2026-06-30T17:20:58,2026-09-28T17:20:58.740+03:00,2026-09-28T17:20:59.183+03:00,1.183,5.183,0.443,1,accepted,17,0,0,0,
live,1,4,2026-06-30T17:20:59,2026-06-30T17:21:00,2026-09-28T17:21:03.740+03:00,2026-09-28T17:21:03.783+03:00,3.784,4.784,0.043,1,accepted,4,0,0,0,
live,1,10,2026-06-30T17:21:04,2026-06-30T17:21:08,2026-09-28T17:21:08.740+03:00,2026-09-28T17:21:08.764+03:00,0.765,4.765,0.024,1,accepted,10,0,0,0,
live,1,13,2026-06-30T17:21:09,2026-06-30T17:21:13,2026-09-28T17:21:13.741+03:00,2026-09-28T17:21:13.771+03:00,0.772,4.772,0.031,1,accepted,13,0,0,0,
live,1,10,2026-06-30T17:21:15,2026-06-30T17:21:18,2026-09-28T17:21:18.741+03:00,2026-09-28T17:21:18.782+03:00,0.783,3.783,0.041,1,accepted,10,0,0,0,
live,1,10,2026-06-30T17:21:19,2026-06-30T17:21:23,2026-09-28T17:21:23.741+03:00,2026-09-28T17:21:23.776+03:00,0.777,4.777,0.035,1,accepted,10,0,0,0,
live,1,10,2026-06-30T17:21:24,2026-06-30T17:21:28,2026-09-28T17:21:28.742+03:00,2026-09-28T17:21:29.940+03:00,1.94,5.94,1.198,1,accepted,10,0,0,0,
live,1,9,2026-06-30T17:21:31,2026-06-30T17:21:33,2026-09-28T17:21:33.742+03:00,2026-09-28T17:21:33.785+03:00,0.786,2.786,0.043,1,accepted,9,0,0,0,
live,1,11,2026-06-30T17:21:34,2026-06-30T17:21:38,2026-09-28T17:21:38.743+03:00,2026-09-28T17:21:38.792+03:00,0.793,4.793,0.049,1,accepted,11,0,0,0,
live,1,9,2026-06-30T17:21:39,2026-06-30T17:21:43,2026-09-28T17:21:43.743+03:00,2026-09-28T17:21:43.788+03:00,0.788,4.788,0.044,1,accepted,9,0,0,0,
live,1,11,2026-06-30T17:21:44,2026-06-30T17:21:48,2026-09-28T17:21:48.744+03:00,2026-09-28T17:21:48.792+03:00,0.792,4.792,0.048,1,accepted,11,0,0,0,
live,1,8,2026-06-30T17:21:49,2026-06-30T17:21:53,2026-09-28T17:21:53.744+03:00,2026-09-28T17:21:53.775+03:00,0.776,4.776,0.031,1,accepted,8,0,0,0,
live,1,12,2026-06-30T17:21:55,2026-06-30T17:21:58,2026-09-28T17:21:58.745+03:00,2026-09-28T17:21:58.775+03:00,0.776,3.776,0.03,1,accepted,12,0,0,0,
live,1,14,2026-06-30T17:21:59,2026-06-30T17:22:03,2026-09-28T17:22:03.746+03:00,2026-09-28T17:22:03.826+03:00,0.827,4.827,0.08,1,accepted,14,0,0,0,
live,1,8,2026-06-30T17:22:05,2026-06-30T17:22:08,2026-09-28T17:22:08.747+03:00,2026-09-28T17:22:08.781+03:00,0.781,3.781,0.034,1,accepted,8,0,0,0,
live,1,11,2026-06-30T17:22:09,2026-06-30T17:22:13,2026-09-28T17:22:13.747+03:00,2026-09-28T17:22:13.812+03:00,0.813,4.813,0.065,1,accepted,11,0,0,0,
live,1,10,2026-06-30T17:22:14,2026-06-30T17:22:18,2026-09-28T17:22:18.748+03:00,2026-09-28T17:22:18.793+03:00,0.794,4.794,0.045,1,accepted,10,0,0,0,
live,1,10,2026-06-30T17:22:19,2026-06-30T17:22:23,2026-09-28T17:22:23.749+03:00,2026-09-28T17:22:23.780+03:00,0.781,4.781,0.032,1,accepted,10,0,0,0,
live,1,7,2026-06-30T17:22:24,2026-06-30T17:22:28,2026-09-28T17:22:28.749+03:00,2026-09-28T17:22:28.778+03:00,0.778,4.778,0.028,1,accepted,7,0,0,0,
live,1,9,2026-06-30T17:22:29,2026-06-30T17:22:33,2026-09-28T17:22:33.750+03:00,2026-09-28T17:22:33.837+03:00,0.838,4.838,0.087,1,accepted,9,0,0,0,
live,1,15,2026-06-30T17:22:34,2026-06-30T17:22:38,2026-09-28T17:22:38.751+03:00,2026-09-28T17:22:38.819+03:00,0.819,4.819,0.068,1,accepted,15,0,0,0,
live,1,13,2026-06-30T17:22:39,2026-06-30T17:22:43,2026-09-28T17:22:43.752+03:00,2026-09-28T17:22:43.810+03:00,0.811,4.811,0.059,1,accepted,13,0,0,0,
live,1,6,2026-06-30T17:22:44,2026-06-30T17:22:48,2026-09-28T17:22:48.753+03:00,2026-09-28T17:22:48.789+03:00,0.79,4.79,0.036,1,accepted,6,0,0,0,
live,1,11,2026-06-30T17:22:49,2026-06-30T17:22:53,2026-09-28T17:22:53.754+03:00,2026-09-28T17:22:53.774+03:00,0.774,4.774,0.02,1,accepted,11,0,0,0,
live,1,16,2026-06-30T17:22:54,2026-06-30T17:22:58,2026-09-28T17:22:58.755+03:00,2026-09-28T17:22:58.794+03:00,0.794,4.794,0.039,1,accepted,16,0,0,0,
live,1,16,2026-06-30T17:22:59,2026-06-30T17:23:03,2026-09-28T17:23:03.755+03:00,2026-09-28T17:23:03.786+03:00,0.787,4.787,0.031,1,accepted,16,0,0,0,
live,1,12,2026-06-30T17:23:04,2026-06-30T17:23:08,2026-09-28T17:23:08.756+03:00,2026-09-28T17:23:09.396+03:00,1.397,5.397,0.641,1,accepted,12,0,0,0,
live,1,11,2026-06-30T17:23:09,2026-06-30T17:23:13,2026-09-28T17:23:13.756+03:00,2026-09-28T17:23:13.821+03:00,0.822,4.822,0.065,1,accepted,11,0,0,0,
live,1,22,2026-06-30T17:23:14,2026-06-30T17:23:18,2026-09-28T17:23:18.757+03:00,2026-09-28T17:23:18.801+03:00,0.801,4.801,0.044,1,accepted,22,0,0,0,
live,1,12,2026-06-30T17:23:19,2026-06-30T17:23:21,2026-09-28T17:23:23.758+03:00,2026-09-28T17:23:23.790+03:00,2.79,4.79,0.032,1,accepted,12,0,0,0,
live,1,9,2026-06-30T17:23:24,2026-06-30T17:23:28,2026-09-28T17:23:28.758+03:00,2026-09-28T17:23:28.833+03:00,0.834,4.834,0.075,1,accepted,9,0,0,0,
live,1,16,2026-06-30T17:23:30,2026-06-30T17:23:33,2026-09-28T17:23:33.759+03:00,2026-09-28T17:23:33.799+03:00,0.799,3.799,0.039,1,accepted,16,0,0,0,
live,1,16,2026-06-30T17:23:34,2026-06-30T17:23:38,2026-09-28T17:23:38.760+03:00,2026-09-28T17:23:38.791+03:00,0.792,4.792,0.031,1,accepted,16,0,0,0,
live,1,19,2026-06-30T17:23:39,2026-06-30T17:23:43,2026-09-28T17:23:43.761+03:00,2026-09-28T17:23:43.809+03:00,0.81,4.81,0.048,1,accepted,19,0,0,0,
live,1,10,2026-06-30T17:23:44,2026-06-30T17:23:47,2026-09-28T17:23:48.762+03:00,2026-09-28T17:23:48.828+03:00,1.828,4.828,0.066,1,accepted,10,0,0,0,
live,1,12,2026-06-30T17:23:49,2026-06-30T17:23:53,2026-09-28T17:23:53.763+03:00,2026-09-28T17:23:53.802+03:00,0.803,4.803,0.04,1,accepted,12,0,0,0,
live,1,11,2026-06-30T17:23:54,2026-06-30T17:23:58,2026-09-28T17:23:58.764+03:00,2026-09-28T17:23:58.812+03:00,0.813,4.813,0.048,1,accepted,11,0,0,0,
live,1,4,2026-06-30T17:23:59,2026-06-30T17:24:02,2026-09-28T17:24:03.765+03:00,2026-09-28T17:24:03.799+03:00,1.8,4.8,0.035,1,accepted,4,0,0,0,
live,1,13,2026-06-30T17:24:04,2026-06-30T17:24:08,2026-09-28T17:24:08.766+03:00,2026-09-28T17:24:09.101+03:00,1.102,5.102,0.336,1,accepted,13,0,0,0,
live,1,12,2026-06-30T17:24:09,2026-06-30T17:24:13,2026-09-28T17:24:13.766+03:00,2026-09-28T17:24:13.794+03:00,0.795,4.795,0.028,1,accepted,12,0,0,0,
live,1,9,2026-06-30T17:24:14,2026-06-30T17:24:18,2026-09-28T17:24:18.767+03:00,2026-09-28T17:24:19.193+03:00,1.193,5.193,0.426,1,accepted,9,0,0,0,
live,1,12,2026-06-30T17:24:19,2026-06-30T17:24:23,2026-09-28T17:24:23.769+03:00,2026-09-28T17:24:24.117+03:00,1.117,5.117,0.348,1,accepted,12,0,0,0,
live,1,4,2026-06-30T17:24:25,2026-06-30T17:24:28,2026-09-28T17:24:28.769+03:00,2026-09-28T17:24:29.004+03:00,1.004,4.004,0.234,1,accepted,4,0,0,0,
live,1,9,2026-06-30T17:24:30,2026-06-30T17:24:33,2026-09-28T17:24:33.770+03:00,2026-09-28T17:24:33.799+03:00,0.799,3.799,0.029,1,accepted,9,0,0,0,
live,1,14,2026-06-30T17:24:34,2026-06-30T17:24:38,2026-09-28T17:24:38.771+03:00,2026-09-28T17:24:38.838+03:00,0.839,4.839,0.067,1,accepted,14,0,0,0,
live,1,14,2026-06-30T17:24:39,2026-06-30T17:24:43,2026-09-28T17:24:43.772+03:00,2026-09-28T17:24:43.836+03:00,0.837,4.837,0.064,1,accepted,14,0,0,0,
live,1,16,2026-06-30T17:24:44,2026-06-30T17:24:48,2026-09-28T17:24:48.773+03:00,2026-09-28T17:24:48.822+03:00,0.823,4.823,0.049,1,accepted,16,0,0,0,
live,1,12,2026-06-30T17:24:49,2026-06-30T17:24:53,2026-09-28T17:24:53.774+03:00,2026-09-28T17:24:53.943+03:00,0.943,4.943,0.169,1,accepted,12,0,0,0,
live,1,18,2026-06-30T17:24:54,2026-06-30T17:24:58,2026-09-28T17:24:58.775+03:00,2026-09-28T17:24:58.837+03:00,0.837,4.837,0.061,1,accepted,18,0,0,0,
live,1,15,2026-06-30T17:24:59,2026-06-30T17:25:03,2026-09-28T17:25:03.776+03:00,2026-09-28T17:25:03.817+03:00,0.817,4.817,0.041,1,accepted,15,0,0,0,
live,1,15,2026-06-30T17:25:04,2026-06-30T17:25:08,2026-09-28T17:25:08.777+03:00,2026-09-28T17:25:08.857+03:00,0.857,4.857,0.08,1,accepted,15,0,0,0,
live,1,15,2026-06-30T17:25:09,2026-06-30T17:25:13,2026-09-28T17:25:13.778+03:00,2026-09-28T17:25:13.841+03:00,0.841,4.841,0.063,1,accepted,15,0,0,0,
live,1,23,2026-06-30T17:25:14,2026-06-30T17:25:18,2026-09-28T17:25:18.778+03:00,2026-09-28T17:25:18.820+03:00,0.821,4.821,0.042,1,accepted,23,0,0,0,
live,1,13,2026-06-30T17:25:19,2026-06-30T17:25:23,2026-09-28T17:25:23.779+03:00,2026-09-28T17:25:23.942+03:00,0.943,4.943,0.163,1,accepted,13,0,0,0,
live,1,18,2026-06-30T17:25:24,2026-06-30T17:25:28,2026-09-28T17:25:28.780+03:00,2026-09-28T17:25:28.816+03:00,0.816,4.816,0.036,1,accepted,18,0,0,0,
live,1,21,2026-06-30T17:25:29,2026-06-30T17:25:33,2026-09-28T17:25:33.781+03:00,2026-09-28T17:25:33.827+03:00,0.827,4.827,0.046,1,accepted,21,0,0,0,
live,1,8,2026-06-30T17:25:34,2026-06-30T17:25:38,2026-09-28T17:25:38.782+03:00,2026-09-28T17:25:38.835+03:00,0.835,4.835,0.053,1,accepted,8,0,0,0,
live,1,15,2026-06-30T17:25:39,2026-06-30T17:25:43,2026-09-28T17:25:43.783+03:00,2026-09-28T17:25:43.844+03:00,0.845,4.845,0.062,1,accepted,15,0,0,0,
live,1,15,2026-06-30T17:25:44,2026-06-30T17:25:48,2026-09-28T17:25:48.783+03:00,2026-09-28T17:25:48.819+03:00,0.819,4.819,0.036,1,accepted,15,0,0,0,
live,1,13,2026-06-30T17:25:49,2026-06-30T17:25:53,2026-09-28T17:25:53.785+03:00,2026-09-28T17:25:53.862+03:00,0.863,4.863,0.077,1,accepted,13,0,0,0,
live,1,13,2026-06-30T17:25:54,2026-06-30T17:25:58,2026-09-28T17:25:58.785+03:00,2026-09-28T17:25:58.884+03:00,0.884,4.884,0.099,1,accepted,13,0,0,0,
live,1,10,2026-06-30T17:25:59,2026-06-30T17:26:03,2026-09-28T17:26:03.786+03:00,2026-09-28T17:26:03.844+03:00,0.845,4.845,0.059,1,accepted,10,0,0,0,
live,1,12,2026-06-30T17:26:04,2026-06-30T17:26:08,2026-09-28T17:26:08.786+03:00,2026-09-28T17:26:08.828+03:00,0.829,4.829,0.042,1,accepted,12,0,0,0,
live,1,12,2026-06-30T17:26:09,2026-06-30T17:26:13,2026-09-28T17:26:13.787+03:00,2026-09-28T17:26:13.828+03:00,0.829,4.829,0.041,1,accepted,12,0,0,0,
live,1,12,2026-06-30T17:26:14,2026-06-30T17:26:18,2026-09-28T17:26:18.787+03:00,2026-09-28T17:26:18.875+03:00,0.876,4.876,0.088,1,accepted,12,0,0,0,
live,1,15,2026-06-30T17:26:19,2026-06-30T17:26:23,2026-09-28T17:26:23.788+03:00,2026-09-28T17:26:23.899+03:00,0.9,4.9,0.112,1,accepted,15,0,0,0,
live,1,6,2026-06-30T17:26:24,2026-06-30T17:26:28,2026-09-28T17:26:28.789+03:00,2026-09-28T17:26:28.807+03:00,0.808,4.808,0.019,1,accepted,6,0,0,0,
live,1,7,2026-06-30T17:26:30,2026-06-30T17:26:33,2026-09-28T17:26:33.790+03:00,2026-09-28T17:26:33.836+03:00,0.836,3.836,0.046,1,accepted,7,0,0,0,
live,1,4,2026-06-30T17:26:34,2026-06-30T17:26:38,2026-09-28T17:26:38.791+03:00,2026-09-28T17:26:38.805+03:00,0.805,4.805,0.014,1,accepted,4,0,0,0,
